{"cameraMode":{"drawMode":0,"name":"Shaded","section":"Shading Mode"},"sceneLighting":true,"audioPlay":false,"sceneViewState":{"m_AlwaysRefresh":false,"showFog":true,"showSkybox":false,"showFlares":true,"showImageEffects":true,"showParticleSystems":true,"showVisualEffectGraphs":true,"m_FxEnabled":true},"in2DMode":false,"pivot":{"x":57.99496841430664,"y":-1.6809587478637696,"z":0.576326847076416},"rotation":{"x":0.054362908005714419,"y":0.7168887853622437,"z":-0.05625443533062935,"w":0.6927853226661682},"size":36.252132415771487,"orthographic":false}