{"cameraMode":{"drawMode":0,"name":"Shaded","section":"Shading Mode"},"sceneLighting":true,"audioPlay":false,"sceneViewState":{"m_AlwaysRefresh":false,"showFog":true,"showSkybox":true,"showFlares":true,"showImageEffects":true,"showParticleSystems":true,"showVisualEffectGraphs":true,"m_FxEnabled":true},"in2DMode":false,"pivot":{"x":-0.5871194005012512,"y":0.3206571340560913,"z":0.9014604687690735},"rotation":{"x":0.01194223202764988,"y":0.24097155034542085,"z":-0.0029812015127390625,"w":0.9704723954200745},"size":0.7852372527122498,"orthographic":false}